<?xml version="1.0" encoding="utf-8"?>
<extension version="3.9" type="plugin" group="privacy" method="upgrade">
	<name>plg_privacy_visforms</name>
	<author>Aicha Vack, vi-solutions</author>
	<creationDate>September 2021</creationDate>
	<copyright>Copyright (C) vi-solutions. All rights reserved.</copyright>
	<license>GNU General Public License version 2 or later; see LICENSE.txt</license>
	<authorEmail>contact@vi-solutions.de</authorEmail>
	<authorUrl>vi-solutions.de</authorUrl>
	<version>1.0.2</version>
	<description>PLG_PRIVACY_VISFORMS_XML_DESCRIPTION</description>
	<files>
		<filename plugin="visforms">visforms.php</filename>
		<filename>index.html</filename>
		<folder>language</folder>
	</files>
</extension>
