<?xml version="1.0" encoding="UTF-8"?>
<extension version="3.8.0" type="plugin" group="visforms" method="upgrade">
	<name>plg_visforms_spambotcheck</name>
	<author>Aicha Vack, vi-solutions</author>
	<creationDate>September 2021</creationDate>
	<copyright>Copyright (C) vi-solutions e. Kfr. All rights reserved.</copyright>
	<license>http://www.gnu.org/licenses/gpl-2.0.html GNU/GPL</license>
	<authorEmail>conctact@vi-solutions.de</authorEmail>
	<authorUrl>http://www.vi-solutions.de</authorUrl>
	<version>3.6.2</version>
	<loggerName>Visforms</loggerName>
	<description>PLG_VISFORMS_SPAMBOTCHECK_XML_DESCRIPTION</description>
	<scriptfile>script.php</scriptfile>
	<files>
		<filename plugin="spambotcheck">spambotcheck.php</filename>
		<filename>index.html</filename>
		<filename>script.php</filename>
		<folder>spambotcheck</folder>
		<folder>language</folder>
	</files>
	<config>
	</config>
</extension>