<?xml version="1.0" encoding="utf-8"?>
<extension	type="module" version="3.8.0" client="site" method="upgrade">
	<name>Visforms</name>
	<author>Aicha Vack, vi-solutions</author>
	<creationDate>February 2022</creationDate>
	<copyright>Copyright (C) vi-solutions. All rights reserved.</copyright>
	<license>GNU General Public License version 2 or later; see LICENSE.txt</license>
	<authorEmail>contact@vi-solutions.de</authorEmail>
	<authorUrl>www.vi-solutions.de</authorUrl>
	<version>3.17.5</version>
	<description>MOD_VISFORMS_DESCRIPTION</description>
	<files>
		<filename module="mod_visforms">mod_visforms.php</filename>
		<folder>tmpl</folder>
		<folder>language</folder>
		<filename>helper.php</filename>
		<filename>index.html</filename>
		<filename>mod_visforms.xml</filename>
	</files>
	<config>
		<fields name="params">
			<fieldset name="basic" addfieldpath="administrator/components/com_visforms/models/fields">
				<field
					name="catid"
					type="modal_visforms"
					extension="com_visforms"
					multiple="false"
					default=""
					size="10"
					label="MOD_VISFORMS_FORMSELECT_LABEL"
					description="MOD_VISFORMS_FORMSELECT_DESC" >
				</field>
				<field name="connected_menu_item" type="menuitem"
					   label="MOD_VISFORMS_CORRESPONDING_MENU_ITEM"
					   description="MOD_VISFORMS_CORRESPONDING_MENU_ITEM_DESCR"
					   default="">
					<option value="">JGLOBAL_SELECT_AN_OPTION</option>
				</field>
				<field
				name="show_title"
				type="list"
				label="JGLOBAL_SHOW_TITLE_LABEL"
				description="JGLOBAL_SHOW_TITLE_DESC"
				default="1">
				<option value="0">JHIDE</option>
				<option value="1">JSHOW</option>
			</field>
			</fieldset>

			<fieldset
				name="advanced">
				<field
					name="layout"
					type="modulelayout"
					label="JFIELD_ALT_LAYOUT_LABEL"
					description="JFIELD_ALT_LAYOUT_LABEL" />
				<field
					name="moduleclass_sfx"
					type="text"
					label="COM_MODULES_FIELD_MODULECLASS_SFX_LABEL"
					description="COM_MODULES_FIELD_MODULECLASS_SFX_DESC" />
                <field
					name="cache"
					type="hidden"
					default="0"
					/>
				<field
					name="cachemode"
					type="hidden"
					default="itemid">
					<option	value="itemid"></option>
				</field>
			</fieldset>
		</fields>
	</config>
</extension>
