<?xml version="1.0" encoding="utf-8"?>
<extension version="3.8.0" type="plugin" group="editors-xtd" method="upgrade">
	<name>plg_editors-xtd_visformfields</name>
	<author>Aicha Vack, vi-solutions</author>
	<creationDate>September 2021</creationDate>
	<copyright>Copyright (C) Open Source Matters. All rights reserved.</copyright>
	<license>GNU General Public License version 2 or later; see LICENSE.txt</license>
	<authorEmail>contact@vi-solutions.de</authorEmail>
	<authorUrl>www.vi-solutions.de</authorUrl>
	<version>3.6.1</version>
	<description>PLG_VISFORMFIELDS_XML_DESCRIPTION</description>
	<files>
		<filename plugin="visformfields">visformfields.php</filename>
		<filename>index.html</filename>
        <folder>language</folder>
	</files>
</extension>