<?xml version="1.0" encoding="utf-8"?>
<!DOCTYPE extension>
<extension type="library" version="3.0" method="upgrade">
	<name>vi-solutions Library</name>
	<libraryname>visolutions</libraryname>
	<version>1.6.2</version>
	<creationDate>September 2021</creationDate>
	<author>Aicha Vack, vi-solutions</author>
	<authorEmail>contact@vi-solutions.de</authorEmail>
	<authorUrl>www.vi-solutions.de</authorUrl>
	<copyright>Copyright (C) vi-solutions. All rights reserved.</copyright>
	<license>GNU/GPLv3 or later</license>
	<description>vi-solutions Library</description>
	<files>
        <folder>log</folder>
		<folder>php_sql_parser</folder>
        <folder>simple_html_dom</folder>
		<folder>tcpdf</folder>
		<file>index.html</file>
	</files>
</extension>
